{
      "1": [
        "CSE 1100",
       "CSE 1101", 
       "CSE 1102",
        "EEE 1151",
         "EEE 1152",
         "Math 1113", 
         "Hum 1113",
         "Hum 1114", 
         "Chem 1113",
         "Chem 1114"],

      "2": ["CSE 1200",
       "CSE 1201", 
       "CSE 1202", 
       "CSE 1203", 
       "CSE 1204", 
       "Math 1213", 
       "Hum 1213", 
       "Phy 1213", 
       "Phy 1214"],

      "3": ["CSE 2100: Software Development Project I",
       "CSE 2101: Discrete Mathematics", 
       "CSE 2102: Sessional Based on CSE 2101",
        "CSE 2103: Numerical Methods",
         "CSE 2104: Sessional Based on CSE 2103", 
         "EEE 2151: Analog Electronics",
          "EEE 2152: Sessional Based on EEE 2151",
           "Math 2113: Vector Analysis and Linear Algebra",
            "Hum 2113: Industrial Management & Accountancy"],

      "4": ["CSE 2201:Computer Algorithms",
       "CSE 2202: Sessional Based on CSE 2201",
        "CSE 2203: Digital Techniques",
         "CSE 2204: Sessional Based on CSE 2203",
          "CSE 2205: Finite Automata Theory",
           "CSE 2206: Sessional Based on CSE 2205",
            "EEE 2251: Electrical Machines & Instrumentations",
             "EEE 2252: Sessional Based on EEE 2251",
            "Math 2213: Complex Variable, Differential Equations and Harmonic Analysis"
          ],

      "5": ["CSE 3100: Web Based Application Lab/Project",
         "CSE 3101: Database Systems",
         "CSE 3102: Sessional Based on CSE 3101",
         "CSE 3103: Data Communication", 
         "CSE 3104: Sessional Based on CSE 3103", 
         "CSE 3105: Software Engineering ", 
         "CSE 3107: Applied Statistics & Queuing Theory", 
         "CSE 3109: Microprocessors & Assembly Language", 
         "CSE 3110: Sessional Based on CSE 3109", 
         "CSE 3112: Technical Writing and Presentation"],

      "6": ["CSE 3200: Software Development Project II",
       "CSE 3201: Operating Systems",
        "CSE 3202: Sessional Based on CSE 3201", 
        "CSE 3203: Computer Architecture and Design", 
        "CSE 3205: Computer Networks", 
        "CSE 3206: Sessional Based on CSE 3205", 
        "CSE 3207: Peripherals & Interfacings", 
        "CSE 3208: Sessional Based on CSE 3207", 
        "CSE 3209: Artificial Intelligence", 
        "CSE 3210: Sessional Based on CSE 3209"],

      "7": ["CSE 4000: Project/Thesis I", 
      "CSE 4101: Compiler Design", 
      "CSE 4102: Sessional Based on CSE 4101", 
      "CSE 4103: Digital Signal Processing", 
      "CSE 4104: Sessional Based on CSE 4103", 
      "CSE 4105: Digital Image Processing", 
      "CSE 4106: Sessional Based on CSE 4105", 
      "CSE ****: Optional I", 
      "CSE ****: Sessional Based on Optional I", 
      "CSE ****: Optional II"],

      "8": ["CSE 4000: Project/Thesis II", 
      "CSE 4201: Computer Graphics and Animations", 
      "CSE 4202: Sessional Based on CSE 4201", 
      "CSE 4203: Neural Networks & Fuzzy Systems", 
      "CSE 4204: Sessional Based on CSE 4203", 
      "CSE 4206: Seminar", 
      "CSE ****: Optional I", 
      "CSE ****: Optional II ", 
      "CSE ****: Optional III "
    ]
  }